Product Name,rating,Number of Reviews,Price,Discount
"Lenovo IdeaPad Slim 3i 15.6"" Laptop - Arctic Grey (Intel Core i5-1335U/16GB RAM/512GB SSD/Windows 11)",4.6,(87 Reviews),$649.99,SAVE $450
"ASUS Vivobook 16"" Laptop - Indie Black (Intel Core i7-1255U/16GB RAM/512GB SSD/Windows 11)",4.67,(15 Reviews),$699.99,SAVE $300
"Lenovo IdeaPad Slim 3 14"" Touchscreen Chromebook - Cloud Grey (MediaTek Kompanio 520/128GB eMMC/8GB RAM)",4.46,(50 Reviews),$279.99,SAVE $50
"Apple MacBook Air 13.3"" w/ Touch ID (Fall 2020) - Silver (Apple M1 Chip / 256GB SSD / 8GB RAM) - Fr",5,(1 Review),$799.95,SAVE $200
"HP 15"" Laptop w/ 1 year of Microsoft 365 - Natural Silver (Intel N100/128GB SSD/4GB RAM)",3.83,(23 Reviews),$279.99,SAVE $150
"ASUS Vivobook 16 16"" Laptop - Indie Black (Intel Core i5-1335U/8GB RAM/512GB SSD/Windows 11) - English",3.5,(4 Reviews),$549.99,SAVE $250
"Acer Nitro V 15 15.6"" Gaming Laptop - Black (Intel Core i5-13420H/512GB SSD/8GB RAM/RTX2050/Windows 11)",5,(1 Review),$699.99,SAVE $300
"Lenovo IdeaPad Slim 3i 15.6"" Laptop - Arctic Grey (Intel Core i7-1355U/16GB RAM/512GB SSD/Windows 11)",4.59,(93 Reviews),$799.99,SAVE $400
"ASUS ROG Strix G15 15.6"" Gaming Laptop -Eclipse Grey (AMD Ryzen 7 6800H/8GB RAM/512GB SSD/GeForce RTX 3050)",5,(1 Review),$999.99,SAVE $500
"Lenovo IdeaPad 3i 15.6"" Laptop - Arctic Grey (Intel Core i5-1235U/8GB RAM/512GB SSD/Windows 11)",5,(1 Review),$549.99,SAVE $250
"Apple MacBook Air 13"" w/ Touch ID (2024) - Midnight (Apple M3 Chip / 512GB SSD / 8GB RAM) - English",4.82,(177 Reviews),$1349.95,SAVE $250
"HP 15.6"" Laptop - Jet Black (Intel N100/512 GB SSD/8GB RAM/Windows 11 Home)",4.15,(127 Reviews),$449.99,SAVE $80
"MSI Cyborg 15 A12U 15.6"" Gaming Laptop - Black (Intel Core i5-12450H/512GB SSD/8GB RAM/GeForce RTX 2050)",4,(9 Reviews),$699.99,SAVE $350
"Microsoft Surface Laptop 13.8"" Touchscreen Copilot+ PC Laptop (Snapdragon X Plus/16GB RAM/256GB SSD) (2024) - Platinum - EN",4.56,(64 Reviews),$1299.99,SAVE $150
"ASUS Vivobook Go 15 L510 15.6"" Laptop - Star Black (Intel Celeron N4500/128GB SSD/4GB RAM)",3.33,(12 Reviews),$249.99,SAVE $100
"ASUS CM14 Flip 14"" Touchscreen Chromebook - Gravity Grey (MediaTek Kompanio 520/8GB RAM/128GB SSD/ChromeOS)",4,(2 Reviews),$299.99,SAVE $200
"ASUS TUF Gaming F15 15.6"" 144Hz Gaming Laptop (Intel Core i5-12500H/16GB RAM/512GB SSD/RTX 3050)",4.53,(17 Reviews),$899.95,SAVE $300
"Open Box - ASUS CX1 15.6"" Chromebook - Transparent Silver (Intel Celeron N4500/8GB RAM/128GB eMMC/ChromeOS)",0,(0 Reviews),$199.95,SAVE $200
"Lenovo IdeaPad Flex 5i 14"" Touchscreen 2-in-1 Laptop - Storm Grey (Intel Core i5-1235U/512GB SSD/8GB RAM)",3.8,(5 Reviews),$649.99,SAVE $50
"Acer Chromebook Plus 15.6"" Laptop w/ 1 year of Gemini Advanced (Intel Core i3-1215U/256GB/8GB RAM/ChromeOS)",4.62,(300 Reviews),$399.99,SAVE $170
"Apple MacBook Pro 14.2"" (Fall 2023) - Space Black (Apple M3 Pro / 18GB RAM / 512GB SSD) - English",4.9,(2312 Reviews),$2199.99,SAVE $400
"Acer Aspire 3 15.6"" Laptop - Silver (AMD Ryzen 5 7520U/512GB SSD/16GB RAM/Windows 11 Home)",4.49,(1070 Reviews),$599.99,SAVE $200
"MSI Claw A1M 7"" 1080p Touchscreen Gaming Console (Intel Core Ultra 7-155H/1TB SSD/16GB RAM/Windows 11)",3.55,(11 Reviews),$699.99,SAVE $400
"Open Box - Acer CB315 15.6"" Chromebook - Silver (Celeron N4020 1.1GHz/128GB eMMC/8GB RAM/ChromeOS)",5,(1 Review),$199.97,SAVE $50
"ASUS CX34 14"" Touchscreen Chromebook Plus - Rocky Grey (Intel Core i3-1215U/8GB RAM/128GB SSD/ChromeOS)",4.75,(4 Reviews),$399.99,SAVE $200
"Samsung Galaxy Book4 15.6"" Laptop - Grey (Intel Core 7-150U/512GB SSD/16GB RAM/Win 11) - Exclusive Retail Partner",3.62,(13 Reviews),$899.99,SAVE $200
HP Victus 15.6” Gaming Laptop - Mica Silver (AMD Ryzen 5 7535HS/1TB SSD/16GB RAM/GeForce RTX 2050/Win 11),4.11,(18 Reviews),$899.99,SAVE $200
"MSI Vector 16 Series 16"" Gaming Laptop- Cosmos Grey (Intel Core i9-13980HX /1TB/32GB RAM/GeForce RTX 4080)",4.57,(7 Reviews),$2299.99,SAVE $400
"Apple MacBook Pro 16.2"" (Fall 2023) - Space Black (Apple M3 Pro / 512GB SSD / 18GB RAM) - English",4.89,(662 Reviews),$2699.99,SAVE $500
"Lenovo IdeaPad 1 14"" Laptop - Cloud Grey (Intel Celeron/128GB eMMC SSD/4GB RAM)",3.88,(92 Reviews),$149.97,SAVE $20
"Lenovo IdeaPad Slim 3i 15.6"" Laptop - Arctic Grey (Intel Core i3-1315U/512GB SSD/8GB RAM)",3.67,(3 Reviews),$499.99,SAVE $200
"ASUS TUF Gaming F15 15.6"" 144Hz Gaming Laptop (Intel Core i7-13620H/16GB RAM/512GB SSD/RTX 4050)",4.13,(8 Reviews),$1199.99,SAVE $400
"MSI Thin 15 15.6"" Gaming Laptop - Cosmos Grey (Intel Core i7-13620H/512GB/16GB RAM/GeForce RTX 4060)",4,(4 Reviews),$1199.99,SAVE $300
"Open Box - ASUS TUF Gaming F15 15.6"" Gaming Laptop - (Intel Core i5-12500H/512GB SSD/16GB RAM/GeForce RTX 3050)",1,(1 Review),$749.95,SAVE $350
"Acer Aspire Go 15.6"" Laptop - Silver (Intel N100/8GB RAM/512GB SSD/Windows 11)",5,(2 Reviews),$399.99,SAVE $150
"Open Box - ASUS Vivobook 16 16"" Laptop - Indie Black (Intel Core i5-1335U/8GB RAM/512GB SSD/Windows 11) - En",0,(0 Reviews),$479.99,SAVE $240
"HP 15.6"" Laptop - Natural Silver (AMD Ryzen 7 7730U/16GB RAM/512GB SSD/Windows 11 Home)",0,(0 Reviews),$799.99,SAVE $200
"Lenovo IdeaPad Slim 3i 14"" Chromebook Plus w/ 1 year of Gemini Advanced (Intel Core i3-N305/128GB eMMC/8GB RAM)",4.67,(6 Reviews),$399.99,SAVE $200
"Lenovo IdeaPad Flex 5i 14"" Touch 2-in-1 Chromebook Plus w/ 1 year of Gemini Advanced (Intel Core i3/256GB SSD/8GB RAM)",4.8,(10 Reviews),$549.99,SAVE $50
"Acer Aspire Go 15.6"" Laptop - Silver (Intel N100/128GB SSD/4GB RAM/Windows 11)",3.29,(7 Reviews),$299.99,SAVE $100
"ASUS CX1 15.6"" Chromebook - Transparent Silver (Intel Celeron N4500/8GB RAM/128GB eMMC/ChromeOS)",4.17,(6 Reviews),$249.95,SAVE $200
"Alienware 16"" Gaming Laptop - Dark Metallic Moon (Intel Core Ultra 7 155H/16GB RAM/1TB SSD/GeForce RTX 4060)",5,(1 Review),$1799.99,SAVE $400
"Alienware m16 R2 16"" Gaming Laptop - Dark Metallic Moon (Intel Core Ultra 7/16GB RAM/1TB SSD/RTX 4070)",0,(0 Reviews),$1899.95,SAVE $400
"Open Box -ASUS Vibe CX55 Flip 15.6"" Touchscreen Chromebook -Mineral Grey (Intel Ci31115G4/128GB eMMc/8GB RAM/Chrome OS)",4.67,(3 Reviews),$349.97,SAVE $250
"Open Box - ASUS VivoBook X515 15.6"" Laptop (Intel Celeron/128GB SSD/4GB RAM/Win 10S)",0,(0 Reviews),$199.97,SAVE $130
"Lenovo Yoga 7i 14"" 2-in-1 Touchscreen Laptop - Storm Grey (Intel Core Ultra 7 Processor 155U/1TB SSD/16GB RAM)",4.2,(5 Reviews),$1199.99,SAVE $200
"ASUS TUF Gaming F15 15.6"" 144Hz Gaming Laptop (Intel Core i7-13620H/1TB SSD/16GB RAM/RTX 4060)",4.62,(13 Reviews),$1549.99,SAVE $250
"Dell XPS 15.6"" Laptop (Intel Core i7-13620H/16GB RAM/512GB SSD/Win11)",0,(0 Reviews),$1399.99,SAVE $350
"MSI Claw A1M 7"" Touchscreen Gaming Console - Black (Intel Core Ultra 5-135H/512GB SSD/16GB RAM/Windows 11)",5,(1 Review),$599.99,SAVE $300
"Open Box - ASUS CM30 Detachable 10.5"" 2-in-1 Chromebook with Stylus (MediaTek K 520/4GB RAM/128GB eMMC)",5,(1 Review),$199.97,SAVE $150
"Open Box - Apple MacBook Pro 14.2"" (Fall 2023) - Space Black (Apple M3 Pro / 512GB SSD / 18GB RAM) - En",0,(0 Reviews),$1899.99,SAVE $699
"ASUS Vivobook Go 15.6"" OLED Laptop - Mixed Black (AMD Ryzen 5 7520U/512GB SSD/8GB RAM/Windows 11)",3.39,(18 Reviews),$599.99,SAVE $200
"Open Box - ASUS Vivobook S Flip 14"" Touchscreen 2-in-1 Laptop- Quiet Blue (Intel Core i7-12700H/512GB SSD/16GB RAM)",3.78,(9 Reviews),$749.97,SAVE $150
"ASUS CX 1400 14"" Chromebook - Transparent Silver (Intel Celeron N4500/ 8GB RAM/ 128GB SSD/ ChromeOS)",0,(0 Reviews),$269.99,SAVE $180
"Open Box - ASUS Vivobook 16 16"" Laptop - Indie Black (Intel Core i5-1335U/16GB RAM/1TB SSD/Windows 11) - En",0,(0 Reviews),$599.95,SAVE $200
Open Box - Lenovo IdeaPad Duet 3 128GB ChromeOS Tablet w/ SnapDragon 7c 8-Core Processor - Storm Grey,0,(0 Reviews),$269.99,SAVE $190
"Apple MacBook Air 15"" w/ Touch ID (2024) - Midnight (Apple M3 Chip / 512GB SSD / 8GB RAM) - English",4.71,(73 Reviews),$1599.95,SAVE $300
"MSI Cyborg 14 A13V 14"" Gaming Laptop - Black (Intel Core i7-13620H/1TB SSD/16GB RAM/GeForce RTX 4050)",4,(1 Review),$1199.99,SAVE $280
"Lenovo LOQ 15IAX9I 15.6"" Gaming Laptop - Luna Grey (Intel Core i5-12450HX/512GB SSD/16GB RAM/Arc A530M)",5,(1 Review),$899.99,SAVE $150
"LG Gram 16"" OLED Laptop - Obsidian Black (Intel Core Ultra7 155H/512GB SSD/16GB RAM)",0,(0 Reviews),$1399.97,SAVE $700
"Lenovo Yoga 7 14"" 2-in-1 Touchscreen Laptop - Arctic Grey (AMD Ryzen 5 8640HS/512GB SSD/16GB RAM)",4,(6 Reviews),$899.99,SAVE $200
"Lenovo Ideapad 3i 15.6"" Touchscreen Laptop -Arctic Grey (Intel Core i7-1255U/16GB RAM/512GB SSD)",3,(3 Reviews),$749.99,SAVE $250
"Open Box - Apple MacBook Pro 14.2"" (Fall 2023) - Space Grey (Apple M3/ 512GB SSD / 8GB RAM) - English",0,(0 Reviews),$1549.99,SAVE $449
"Open Box - ASUS TUF Gaming F15 15.6"" Gaming Laptop - (Intel Core i7-13620H/16GB RAM/512GB SSD/GeForce RTX 4050)",0,(0 Reviews),$999.99,SAVE $500
"Apple MacBook Pro 14.2"" (Fall 2023) - Space Grey (Apple M3/ 512GB SSD / 8GB RAM) - English",4.84,(822 Reviews),$1699.99,SAVE $150
"Open Box - Acer Nitro V 15 15.6"" Gaming Laptop - Black (Intel Core i5-13420H/512GB SSD/8GB RAM/RTX2050)",0,(0 Reviews),$599.99,SAVE $350
"Alienware 16"" Gaming Laptop - Dark Metallic Moon (Intel Core Ultra 7 155H/32GB RAM/1TB SSD/GeForce RTX 4070)",2.67,(3 Reviews),$1999.99,SAVE $700
"ASUS ROG Strix G 16"" Gaming Laptop - Eclipse Grey (Intel Core i7-13650HX/16GB RAM/512GB SSD/GeForce RTX 4070)",4.5,(2 Reviews),$1999.99,SAVE $300
"Acer Aspire 5 15.6"" Laptop - Iron (Intel Core i5-12450H/1TB SSD/16GB RAM/Windows 11)",3.5,(2 Reviews),$649.99,SAVE $250
"Open Box - Lenovo Pro 5i 16"" Gaming Laptop - Onyx Grey (Intel i7-13700HX/1TB SSD/16GB RAM/GeForce RTX 4070)",0,(0 Reviews),$1499.97,SAVE $300
"HP Pavilion Plus 14"" Laptop (Intel Core Ultra 5 with Intel Evo/16GB RAM/1TB SSD)",4,(13 Reviews),$1099.99,SAVE $200
"HP 14"" Laptop - Natural Silver (AMD Ryzen 3 7320U/512GB SSD/8GB RAM/Windows 11)",4.38,(50 Reviews),$579.99,SAVE $120
"Open Box - Dell XPS 13 13.4"" Laptop - Sky (Intel Core i7-1250U/1TB SSD/32GB RAM/Windows 11 Home)",3,(1 Review),$1199.97,SAVE $100
"Dell Inspiron 14"" Touchscreen 2-in-1 Laptop - Midnight Blue (AMD Ryzen 7 8840HS/16GB RAM/1TB SSD)",3.33,(3 Reviews),$999.99,SAVE $200
"Open Box - Apple MacBook Air 13.6"" w/ Touch ID (2022) -Midnight (Apple M2 Chip/512GB SSD/8GB RAM) -Eng",3,(1 Review),$1049.95,SAVE $500
"Open Box - Apple MacBook Pro 16.2"" (Fall 2023) - Space Black (Apple M3 Pro / 512GB SSD / 18GB RAM) - En",0,(0 Reviews),$2199.99,SAVE $999
"ASUS Vivobook S 16 OLED 16"" Laptop - Neutral Black (Intel EVO Ultra 9 - 185H/16GB RAM/1TB SSD)",5,(7 Reviews),$1499.99,SAVE $100
"Dell Insprion 16"" Touchscreen Laptop - Platinum (Intel Core Ultra 7 155H/16GB RAM/1TB SSD/Windows 11 Home)",5,(1 Review),$1399.99,SAVE $300
"Apple MacBook Air 15"" w/ Touch ID (2024) - Starlight (Apple M3 Chip / 512GB SSD / 8GB RAM) - English",4.89,(81 Reviews),$1599.95,SAVE $300
"ASUS Vivobook Pro 15 15.6"" OLED Laptop (Intel Core Ultra 9 185H/1TB SSD/24GB RAM/GeForce RTX 4060)",4,(3 Reviews),$1999.99,SAVE $499
"Open Box - HP 14"" Laptop - Natural Silver (AMD 3020e/64 GB SSD/4 GB RAM/Windows 11)",2.8,(5 Reviews),$229.97,SAVE $70
"Open Box - Apple MacBook Air 13.6"" w/ Touch ID (2022) -Starlight (Apple M2 Chip/512GB SSD/8GB RAM) -Eng",0,(0 Reviews),$1049.95,SAVE $500
"Open Box - ASUS Vivobook Go 15 15.6"" Laptop - Mixed Black (Intel Core i3-N305 /256GB SSD/8GB RAM/Windows 11 Home)",0,(0 Reviews),$299.95,SAVE $200
"Open Box - ASUS Zenbook OLED 14.5"" Touchscreen Laptop (Intel Evo i9-13900H/1TB SSD/32GB RAM/GeForce RTX 3050)",2.29,(7 Reviews),$1499.97,SAVE $300
"ASUS Zenbook S 14"" Touchscreen Laptop (Intel Core Ultra 5 - Series 2/16GB RAM/1TB SSD)",0,(0 Reviews),$1699.99,SAVE $100
"Open Box - ASUS TUF Gaming A15 15.6"" Gaming Laptop (AMD Ryzen 5 7535HS/512GB SSD/16GB RAM/GeForce RTX 4050)",0,(0 Reviews),$1049.97,SAVE $50
"Lenovo Yoga Book 9i 13"" Touchscreen Laptop - Tidal Teal (Intel Evo i7-1355U/1TB SSD/16GB RAM/Win11)",0,(0 Reviews),$1799.97,"SAVE $1,100"
"LG Gram 17"" Laptop (Intel Core Ultra 7-155H EVO/1TB SSD/16GB RAM/Windows 11 Home)",4.67,(3 Reviews),$1549.97,SAVE $350
"Open Box - ASUS Vivobook Go 15 L51 15.6"" Laptop - Star Black (Intel Celeron/128GB SSD/4GB RAM)",2.6,(5 Reviews),$199.97,SAVE $100
"Open Box - Apple MacBook Air 15"" w/ Touch ID (2024) - Starlight (Apple M3 Chip / 256GB SSD / 8GB RAM) - English",0,(0 Reviews),$1199.95,SAVE $450
"Lenovo IdeaPad 5 14"" 2-in-1 Touchscreen Laptop - Luna Grey (AMD Ryzen 5 8645HS/512GB SSD/16GB RAM)",0,(0 Reviews),$799.99,SAVE $200
"LG Gram 14"" Laptop - Obsidian Black (Intel Core Ultra5 125H/512GB SSD/8GB RAM)",0,(0 Reviews),$899.97,SAVE $600
"ASUS Vivobook S 16 OLED 16"" Laptop - Neutral Black (Intel EVO Ultra 5 - 125H/16GB RAM/512GB SSD)",5,(2 Reviews),$1199.99,SAVE $100
"Microsoft Surface Laptop 15"" Touchscreen Copilot+ PC Laptop (Snapdragon X Elite/16GB RAM/256GB SSD) (2024) - Platinum - EN",4.69,(68 Reviews),$1699.99,SAVE $150
"Open Box - Apple MacBook Air 15"" w/ Touch ID (2024) - Midnight (Apple M3 Chip / 512GB SSD / 8GB RAM) - English",0,(0 Reviews),$1299.95,SAVE $600
"ASUS ROG Strix G18 (2024) 18"" WQXGA 240Hz Gaming Laptop (Intel Core i9-14900HX/1TB SSD/32GB RAM/RTX 4060)",1,(1 Review),$2399.99,SAVE $300
"Samsung Galaxy Book4 Edge 16"" Touchscreen Copilot+ PC Laptop (Snapdragon X Elite/16GB RAM/512GB SSD) - Exclusive Retail Partner",4.47,(301 Reviews),$1799.99,SAVE $200
"Acer Nitro V 15 15.6"" Gaming Laptop - Black (Intel Core i7-13620H/512GB SSD/16GB RAM/RTX4050/Windows 11)",0,(0 Reviews),$1299.99,SAVE $200
"Open Box - Lenovo IdeaPad Flex 5i 14"" Touchscreen 2-in-1 Laptop (Intel Core i5-1235U/512GB SSD/8GB RAM)",0,(0 Reviews),$549.99,SAVE $250
ASUS Vivobook Go 15 15.6” Laptop - Mixed Black (AMD Ryzen 3 7320U Processor / 512GB SSD / 8GB RAM / AMD Radeon Graphics),3.67,(3 Reviews),$499.99,SAVE $150
"HP Victus 15.6"" Gaming Laptop - Mica Silver (AMD Ryzen 5 7535HS/8GB RAM/512GB SSD/GeForce RTX 2050)",4.5,(2 Reviews),$899.99,SAVE $100
"ASUS ROG Strix G16 (2024) 16"" WQXGA 240Hz Gaming Laptop (Intel Core i9-14900HX/2TB SSD/32GB RAM/RTX 4070)",4.4,(5 Reviews),$2799.99,SAVE $200
"Lenovo LOQ 15IAX9I 15.6"" Gaming Laptop- Luna Grey(Intel Core i5-12450HX/512GB SSD/16GB RAM/GeForce RTX 4050)",4.25,(4 Reviews),$1149.99,SAVE $150
"Open Box - ASUS Vivobook Go 15 L510 15.6"" Laptop - Star Black (Intel Celeron N4500/128GB SSD/4GB RAM)",0,(0 Reviews),$199.99,SAVE $100
"Open Box - Apple MacBook Air 13.6"" w/ Touch ID (2022) -Starlight (Apple M2 Chip/256GB SSD/8GB RAM) -Eng",0,(0 Reviews),$899.95,SAVE $400
"Open Box - HP 15.6"" Laptop - Natural Silver (AMD Ryzen 7 5700U/512 GB/16 GB RAM/AMD Radeon Graphics)",0,(0 Reviews),$599.99,SAVE $210
"HP Envy x360 15.6"" Touchscreen 2-in-1 Laptop - Mineral Silver (Intel Core Ultra 5 125U/1TB SSD/16GB RAM)",4.33,(12 Reviews),$1199.99,SAVE $200
"ASUS TUF Gaming F17 17.3"" Gaming Laptop - Mecha Grey (Intel Core i7-13620H/1TB SSD/16GB RAM/GeForce RTX 4050)",4.17,(6 Reviews),$1499.99,SAVE $200
"Open Box - ASUS CX34 14"" Touchscreen Chromebook Plus - Black/Grey (Intel Core i3-1215U/128GB/8GB RAM/ChromeOS)",4,(1 Review),$299.97,SAVE $240
"Open Box - ASUS TUF Gaming F17 17.3"" Gaming Laptop - (Intel Core i5-12500H/1TB SSD/16GB RAM/GeForce RTX 3050)",2.5,(2 Reviews),$899.99,SAVE $250
"Open Box - Dell XPS 15.6"" Laptop (Intel Core i7-13620H/16GB RAM/512GB SSD/Win11)",0,(0 Reviews),$1099.99,SAVE $500
"Open Box - Alienware 14"" Laptop - Lunar Silver (Intel Core i7-13620H/16GB RAM/512GB SSD/RTX 4050) - English",0,(0 Reviews),$1299.95,SAVE $200
"Open Box - HP ENVY x360 15"" Touchscreen 2-in-1 Laptop (AMD Ryzen 7 5825U/1TB SSD/16GB RAM/Windows 11)",3.33,(3 Reviews),$899.97,SAVE $200
"Acer Swift 14 AI 14.5"" Copilot+ PC Laptop - Steel Grey (Snapdragon X Plus/16GB RAM/1TB SSD/Windows 11)",3,(1 Review),$1199.99,SAVE $300
"Apple MacBook Air 13.6"" w/ Touch ID (2022) - Space Grey (Apple M2 Chip / 256GB SSD / 8GB RAM) - French",3.67,(3 Reviews),$999.95,SAVE $200
"Open Box - Microsoft Surface Laptop 13.8"" TS Copilot+ PC Laptop(Snapdragon X Plus/16GB RAM/256GB SSD)- EN",0,(0 Reviews),$1149.99,SAVE $200
"Apple MacBook Air 13.6"" w/ Touch ID (2022) - Silver (Apple M2 Chip / 256GB SSD / 8GB RAM) - French",0,(0 Reviews),$999.95,SAVE $200
"Open Box - HP ENVY 13.3"" Laptop - Natural Silver (Intel Core i5-1135G7/512GB SSD/8GB RAM/Windows 10)",1,(4 Reviews),$499.97,SAVE $400
"ASUS Vivobook S 14"" Laptop - Neutral Black/Aluminum (AMD Ryzen AI 9 365/24GB RAM/512GB SSD/Windows 11)",0,(0 Reviews),$1399.99,SAVE $200
"Apple MacBook Air 15"" w/ Touch ID (2023) - Midnight (Apple M2 Chip / 512GB SSD / 8GB RAM) - French",0,(0 Reviews),$1399.99,SAVE $450
"Open Box - Lenovo IdeaPad 3i 15.6"" Laptop - Arctic Grey (Intel Core i5-1235U/8GB RAM/512GB SSD/Windows 11)",0,(0 Reviews),$479.9,SAVE $250
"Open Box - Dell XPS 15.6"" Touchscreen Laptop (Intel Core i7-11800H/1TB SSD/16GB RAM/Windows 10) - Eng",0,(0 Reviews),$1299.97,"SAVE $1,400"
"Open Box - ASUS Vivobook S 16 OLED 16"" Laptop - Neutral Black (Intel EVO Ultra 9 - 185H/16GB RAM/1TB SSD)",0,(0 Reviews),$1299.99,SAVE $150
"Open Box - Lenovo Yoga 7i 14"" 2-in-1 Touchscreen Laptop (Intel Core Ultra 7 Processor 155U/1TB SSD/16GB RAM)",5,(1 Review),$999.99,SAVE $300
"Microsoft Surface Laptop 13.8"" Touchscreen Copilot+ PC Laptop (Snapdragon X Plus/16GB RAM/256GB SSD) (2024) - Platinum - BIL",0,(0 Reviews),$1299.99,SAVE $150
"MSI Raider GE 16"" Gaming Laptop - Core Black (Intel Core i9-14900HX/1TB/32GB RAM/GeForce RTX 4070)",0,(0 Reviews),$2599.99,SAVE $300
"Open Box - Alienware x17 17.3"" Gaming Laptop (Intel Core i7-11800H/1TB SSD/16GB RAM/RTX 3070) - En",0,(0 Reviews),$1499.97,"SAVE $1,200"
"HP EliteBook 840 14"" Business Laptop -Pike Silver (Intel Ultra 5-125U/16GB RAM/512GB SSD/Win 11 Pro) -Eng",4.45,(11 Reviews),$1249.99,SAVE $100
"HP OMEN 16"" Gaming Laptop - Shadow Black (Intel Core i5-13420H/1TB SSD/16GB RAM/GeForce RTX 4050 /Win 11)",3.91,(35 Reviews),$1299.97,SAVE $500
"HP Victus 16"" Gaming Laptop - Mica Silver (Intel Core i7-13700H/1TB SSD/16GB RAM/GeForce RTX 4060 /Win 11)",4,(30 Reviews),$1599.99,SAVE $300
"Open Box - HP Pavilion Plus 14"" Laptop (Intel Evo Core Ultra 5 125H/1TB SSD/16GB RAM)",4.6,(5 Reviews),$899.99,SAVE $300
"Open Box - Lenovo Yoga 6 13.3"" Touchscreen 2-in-1 Laptop - Dark Teal (AMD Ryzen 5 7530U/512GB SSD/16GB RAM)",3.33,(3 Reviews),$799.97,SAVE $200
"Open Box - Dell G15 15.6"" Gaming Laptop (Intel Core i7 13650HX/512GB SSD/16GB RAM/GeForce RTX 4060)",0,(0 Reviews),$1199.97,SAVE $200
"Samsung Galaxy Book5 Pro 360 16"" Touchscreen CoPilot+ PC Laptop (Intel Core Ultra 7 - 256V/16GB RAM/1TB SSD)",3,(4 Reviews),$2199.98,SAVE $300
"Open Box - Dell Inspiron 16"" Touchscreen 2-in-1 Laptop - Silver (Intel Core i7-1360P/512GB SSD/16GB RAM/Win11)",1,(1 Review),$799.97,SAVE $300
"Open Box - ASUS TUF Gaming F15 15.6"" Gaming Laptop (Intel Core i7-13620H/1TB SSD/16GB RAM/GeForce RTX 4060)",0,(0 Reviews),$1349.99,SAVE $350
Open Box - ASUS Vivobook Go 15 15.6” Laptop - Mixed Black (AMD Ryzen 3 7320U/ 512GB SSD / 8GB RAM),4,(3 Reviews),$399.99,SAVE $190
"Open Box - ASUS ROG Strix G15 15.6"" Gaming Laptop -Eclipse Grey (AMD Ryzen 7 6800H/8GB RAM/512GB SSD/GeForce RTX 3050)",0,(0 Reviews),$849.99,SAVE $500
"Open Box - Lenovo LOQ 15.6"" Gaming Laptop - Storm Grey (Intel i7-13700H/512GB SSD/16GB RAM/GeForce RTX 4050)",0,(0 Reviews),$1099.97,SAVE $50
"Open Box - Apple MacBook Air 15"" w/ Touch ID (2024) - Space Grey (Apple M3 Chip / 256GB SSD / 8GB RAM) - English",0,(0 Reviews),$1199.95,SAVE $300
"Open Box - Alienware m15 15.6"" Gaming Laptop (Intel Core i7-11800H/1TB SSD/16GB RAM/RTX 3070)",3,(1 Review),$1499.97,SAVE $700
"Samsung Galaxy Book4 360 15.6"" Touchscreen 2-in-1 Laptop - Grey (Intel Core 5 120U/256GB SSD/16GB RAM)",2.2,(5 Reviews),$999.97,SAVE $600
"Open Box - HP 15.6"" Laptop - Natural Silver (Intel Core Ultra 5 125H/1TB SSD/16GB RAM/Windows 11 Home)",0,(0 Reviews),$699.99,SAVE $250
"Open Box - Acer Chromebook Plus 15.6"" Laptop - Silver (Intel Core i3-1215U/256GB/8GB RAM/ChromeOS)",0,(0 Reviews),$329.99,SAVE $170
"Samsung Galaxy Book4 Edge 16"" Touchscreen Copilot+ PC Laptop (Snapdragon X Elite/16GB RAM/1TB SSD) - Exclusive Retail Partner",4.5,(152 Reviews),$2049.99,SAVE $400
"Open Box - Dell XPS 13 Plus 13.4"" Touchscreen Laptop - Graphite (Intel EVO Ci7-1360P/1TB SSD/32GB RAM)",0,(0 Reviews),$1499.97,SAVE $700
"Open Box - Apple MacBook Air 15"" w/ Touch ID (2024) - Starlight (Apple M3 Chip / 512GB SSD / 8GB RAM) - English",0,(0 Reviews),$1299.95,SAVE $600
"MSI Prestige 13 AI+ Evo A2V 13.3"" Laptop (Intel Core Ultra 7 - Series 2/32GB RAM/1TB SSD) - En",0,(0 Reviews),$1699.99,SAVE $200
"Apple MacBook Air 15"" w/ Touch ID (2023) - Midnight (Apple M2 Chip / 256GB SSD / 8GB RAM) - French",0,(0 Reviews),$1299.95,SAVE $300
"Open Box - Lenovo IdeaPad Slim 3i 15.6"" Laptop - Arctic Grey (Intel Core i7-1355U/512GB SSD/16GB RAM/Windows 11)",4.67,(3 Reviews),$699.99,SAVE $400
"Acer Predator Neo 16"" Gaming Laptop - Black (Intel Core i7-14650HX/1TB SSD/16GB RAM/GeForce RTX 4060)",5,(1 Review),$1899.99,SAVE $200
"Open Box - Dell XPS 17"" Touchscreen Laptop (Intel Core i7-11800H/1TB SSD/16GB RAM/RTX 3060) - English",0,(0 Reviews),$1799.97,"SAVE $1,399"
"ASUS Vivobook 14 Flip 14"" Touchscreen 2-in-1 Laptop - Quiet Blue (Intel Core i5-1335U/512GB SSD/8GB RAM/Win 11)",0,(0 Reviews),$799.99,SAVE $200
"Open Box - Dell Inspiron 16 16"" OLED Touchscreen 2-in-1 Laptop (Intel Ci7-1360P/1TB SSD/16GB RAM/GeForce MX550)",0,(0 Reviews),$1099.97,SAVE $300
"Apple MacBook Pro 14"" (2023) - Space Grey (Apple M2 Pro/ 512GB SSD / 16GB RAM) - French",5,(1 Review),$1999.99,SAVE $200
"Open Box - Acer 15.6"" Gaming Laptop - Black (AMD Ryzen 7 7735HS/512GB SSD/16GB RAM/RTX 3050/Windows 11)",1,(1 Review),$899.97,SAVE $300
"Open Box - ASUS ROG Strix G 16"" Gaming Laptop - Eclipse Grey(Intel Core i7-13650HX/16GB RAM/512GB SSD/RTX 4070)",0,(0 Reviews),$1699.99,SAVE $400
"Apple MacBook Air 15"" w/ Touch ID (2024) - Silver (Apple M3 Chip / 512GB SSD / 8GB RAM) - English",5,(4 Reviews),$1599.95,SAVE $300
"Open Box - Acer Swift 3 13.5"" Laptop - Silver (Intel Core i5-1035G4/512GB SSD/8GB RAM/Windows 10)",0,(0 Reviews),$599.97,SAVE $300
"HP Victus 15.6"" Gaming Laptop - Mica Silver (Intel Core i7 13620H/16GB RAM/512GB SSD/GeForce RTX 3050)",0,(0 Reviews),$1249.99,SAVE $250
"Open Box - Dell Inspiron 14"" Laptop - Ice Blue (Intel Core 5120U/1TB SSD/16GB RAM/Windows 11 Home)",0,(0 Reviews),$699.97,SAVE $300
"Open Box - ASUS VivoBook Pro 14X OLED Slim 14"" Laptop -Black (Ryzen 7 5800H/512GB SSD/16GB RAM/RTX 3050)",5,(1 Review),$899.97,SAVE $500
"Open Box - Dell Inspiron 14"" Laptop - Ice Blue (Intel Core 7 150U/1TB SSD/16GB RAM/Windows 11 Home)",0,(0 Reviews),$899.99,SAVE $200
"Open Box - HP 15.6"" Laptop - Jet Black (Intel Pentium Silver N6000/512GB SSD/8GB RAM/Windows 11 Home)",1,(1 Review),$399.97,SAVE $100
"Open Box - HP 15"" Laptop - Natural Silver (Intel N100/128GB SSD/4GB RAM)",3.4,(5 Reviews),$229.99,SAVE $150
"LG Gram 14"" Laptop - Obsidian Black (Intel Core Ultra7 Evo/512GB SSD/16GB RAM)",0,(0 Reviews),$1299.97,SAVE $300
"Open Box - ASUS 17.3"" Chromebook - Silver (Intel Pentium Silver N6000/128GB eMMC/8GB RAM/ChromeOS)",5,(1 Review),$399.97,SAVE $50
"Open Box - LG Gram 14"" Laptop - Obsidian Black (Intel Core Ultra5 125H/512GB SSD/8GB RAM)",0,(0 Reviews),$799.97,SAVE $600
"Apple MacBook Air 15"" w/ Touch ID (2023) - Starlight (Apple M2 Chip / 512GB SSD / 8GB RAM) - French",5,(1 Review),$1399.95,SAVE $450
"HP OMEN 14"" Gaming Laptop - Shadow Black (Intel Core Ultra 9 185H/32GB RAM/1TB SSD/GeForce RTX 4070)",4.31,(16 Reviews),$2599.99,SAVE $300
"Open Box - Samsung Galaxy Book4 Pro 360 16"" Touchscreen 2-in-1 Laptop - (Intel Core Ultra 7 EVO/16GB RAM/512GB SSD)",0,(0 Reviews),$1399.97,SAVE $700
"Open Box - ASUS Vivobook Pro 15 15.6"" OLED Laptop (Intel Core Ultra 9 185H/1TB SSD/24GB RAM/GeForce RTX 4060)",0,(0 Reviews),$1699.99,SAVE $600
"Apple MacBook Pro 14.2"" (Fall 2023) - Space Grey (Apple M3/ 512GB SSD / 8GB RAM) - French",0,(0 Reviews),$1549.95,SAVE $300
"Alienware 14"" Laptop - Lunar Silver (Intel Core i7-13620H/16GB RAM/512GB SSD/RTX 4050) - English",4.23,(13 Reviews),$1399.95,SAVE $300
"Open Box - Lenovo IdeaPad Flex 5i 14"" Touch 2-in-1 Chromebook (Intel Core i3/256GB SSD/8GB RAM)",0,(0 Reviews),$449.99,SAVE $230
"Open Box - ASUS CM14 Flip 14"" Touchscreen Chromebook (MediaTek Kompanio 520/8GB RAM/128GB SSD/ChromeOS)",0,(0 Reviews),$249.99,SAVE $200
"Lenovo ThinkPad E14 Gen 5 14"" Business Laptop - (Intel i7-1355U /16GB RAM/512GB SSD/Win11 Professional) - En",4.63,(24 Reviews),$1489.99,SAVE $60
"HP OMEN 16.1"" Gaming Laptop (Intel Core i9 14900HX/2TB SSD/32GB RAM/RTX 4080) with Gaming Headset",5,(8 Reviews),$3199.99,SAVE $300
"HP 15.6"" Laptop - Natural Silver (AMD Ryzen 7 5700U/512 GB SSD/16 GB RAM/AMD Radeon Graphics/Windows 11)",4.16,(126 Reviews),$699.97,SAVE $200
"Samsung Galaxy Book4 Ultra 16"" Touchscreen Laptop (Intel Core Ultra 7 EVO/1TB SSD/16GB RAM/GeForce RTX4050)",3.33,(9 Reviews),$2769.99,SAVE $500
"Open Box - HP 15.6"" Laptop - Natural Silver (AMD Ryzen 7 7730U/16GB RAM/512GB SSD/Windows 11 Home)",0,(0 Reviews),$699.99,SAVE $150
"Apple MacBook Air 15"" w/ Touch ID (2023) - Space Grey (Apple M2 Chip / 256GB SSD / 8GB RAM) - French",0,(0 Reviews),$1299.99,SAVE $300
"Open Box - Lenovo Yoga 7 14"" 2-in-1 Touchscreen Laptop - Arctic Grey (AMD Ryzen 5 8640HS/512GB SSD/16GB RAM)",0,(0 Reviews),$799.99,SAVE $200
"Open Box - Samsung Galaxy Book4 15.6"" Laptop - Grey (Intel Core 7-150U /512GB SSD/16GB RAM/Windows 11 Home)",0,(0 Reviews),$799.99,SAVE $200
"Open Box - Lenovo LOQ 15IAX9I 15.6"" Gaming Laptop - Luna Grey (Intel Core i5-12450HX/512GB SSD/16GB RAM/Arc A530M)",0,(0 Reviews),$799.99,SAVE $144
"Open Box - Samsung Galaxy Book4 360 15.6"" Touchscreen 2-in-1 Laptop - Grey (Intel Core 5 120U/256GB SSD/16GB RAM)",0,(0 Reviews),$899.97,SAVE $250
"Apple MacBook Pro 13.3"" w/ Touch Bar (2022) - Silver (Apple M2 Chip / 512GB SSD / 8GB RAM) - French",0,(0 Reviews),$1499.95,SAVE $450
"LG Gram Pro 16"" Laptop - Black (Intel Core Ultra7 155H/16GB RAM/512GB SSD/Win 11 Advanced)",1,(2 Reviews),$1499.97,SAVE $800
"Apple MacBook Air 13.6"" w/ Touch ID (2022) - Starlight (Apple M2 Chip / 512GB SSD / 8GB RAM) - French",0,(0 Reviews),$1149.95,SAVE $300
"Open Box - MSI Thin 15 15.6"" Gaming Laptop (Intel Core i7-13620H/512GB/16GB RAM/GeForce RTX 4060)",0,(0 Reviews),$999.99,SAVE $400
"Dell XPS 13 13.4"" Laptop - Graphite (Intel Core Ultra 7 - Series 2/16GB RAM/512GB SSD) - English",4.43,(37 Reviews),$1999.99,SAVE $200
"Apple MacBook Air 13.6"" w/ Touch ID (2022) - Space Grey (Apple M2 Chip / 512GB SSD / 8GB RAM) - French",0,(0 Reviews),$1149.95,SAVE $300
"Open Box - ASUS TUF Gaming F17 17.3"" Gaming Laptop (Intel Core i7-13620H/1TB SSD/16GB RAM/GeForce RTX 4050)",0,(0 Reviews),$1349.99,SAVE $150
"Open Box - HP 14"" Laptop - Natural Silver (AMD Ryzen 3 7320U/512GB SSD/8GB RAM/Windows 11)",5,(1 Review),$499.99,SAVE $150
"Open Box - ASUS ROG Strix G18 18"" Gaming Laptop - (Intel Core i9-14900HX/1TB SSD/32GB RAM/GeForce RTX 4060)",1,(1 Review),$2199.99,SAVE $300
"Open Box - Samsung Galaxy Book4 Edge 16"" TS Copilot+ PC Laptop (Snapdragon X Elite/16GB RAM/512GB SSD)",0,(0 Reviews),$1499.99,SAVE $400
"Apple MacBook Air 15"" w/ Touch ID (2023) - Space Grey (Apple M2 Chip / 512GB SSD / 8GB RAM) - French",0,(0 Reviews),$1399.95,SAVE $450
"Open Box - Acer Aspire Go 15.6"" Laptop - Silver (Intel N100/128GB SSD/4GB RAM/Windows 11)",0,(0 Reviews),$249.99,SAVE $100
"Open Box - HP Victus 15.6"" Gaming Laptop - Mica Silver (AMD Ryzen 5 7535HS/8GB RAM/512GB SSD/GeForce RTX 2050)",0,(0 Reviews),$699.99,SAVE $200
"Open Box - ASUS 15.6"" Touchscreen 2-in-1 Chromebook Flip (i5-1135G7/512GB PCIe SSD/16GB RAM/Chrome OS)",2,(1 Review),$599.97,SAVE $150
"Samsung Galaxy Book4 Ultra 16"" Touchscreen Laptop - Grey (Intel Core Ultra 7 EVO/512GB SSD/16GB RAM/Nvidia RTX4050)",3.33,(9 Reviews),$2499.99,SAVE $500
"Open Box - Alienware 16"" Gaming Laptop (Intel Core Ultra 7 155H/16GB RAM/1TB SSD/GeForce RTX 4060)",5,(1 Review),$1599.99,SAVE $400
"Open Box - Dell Insprion 16"" Touchscreen Laptop - Platinum (Intel Core Ultra 7 155H/16GB RAM/1TB SSD/Windows 11 Home)",2,(1 Review),$1149.99,SAVE $450
"Apple MacBook Air 13.6"" w/ Touch ID (2022) - Silver (Apple M2 Chip / 512GB SSD / 8GB RAM) - French",0,(0 Reviews),$1149.95,SAVE $300
"Open Box - ASUS Vivobook Go 15.6"" OLED Laptop - Mixed Black (AMD Ryzen 5 7520U/512GB SSD/8GB RAM/Windows 11)",2.5,(2 Reviews),$499.99,SAVE $220
"Open Box - Apple MacBook Air 15"" w/ Touch ID (2024) - Space Grey (Apple M3 Chip / 512GB SSD / 8GB RAM) - En",0,(0 Reviews),$1399.95,SAVE $400
"Open Box - ASUS Vivobook 14 Flip 14"" Touchscreen 2-in-1 Laptop -Quiet Blue (Intel Core i5-1335U/512GB SSD/8GB RAM)",0,(0 Reviews),$649.99,SAVE $250
"Open Box - Lenovo IdeaPad 5 14"" 2-in-1 Touchscreen Laptop (AMD Ryzen 5 8645HS/512GB SSD/16GB RAM)",0,(0 Reviews),$699.99,SAVE $200
"Open Box - MSI Prestige 13 AI+ Evo A2V 13.3"" Laptop (Intel Core Ultra 7 - Series 2/32GB RAM/1TB SSD) - En",0,(0 Reviews),$1499.99,SAVE $300
"ASUS CX 1500 15.6"" Chromebook - Transparent Silver (Intel Celeron N4500/ 8GB RAM/ 128GB SSD/ ChromeOS)",0,(0 Reviews),$369.99,SAVE $80
"Apple MacBook Pro 16.2"" (Fall 2023) - Space Black (Apple M3 Pro / 512GB SSD / 18GB RAM) - French",5,(2 Reviews),$2699.99,SAVE $500
"Apple MacBook Air 15"" w/ Touch ID (2023) - Silver (Apple M2 Chip / 512GB SSD / 8GB RAM) - French",0,(0 Reviews),$1399.95,SAVE $450
"Open Box - Lenovo IdeaPad Slim 3i 14"" Chromebook Plus (Intel Core i3-N305/128GB eMMC/8GB RAM)",0,(0 Reviews),$349.99,SAVE $190
"Open Box - ASUS CX1 15.6"" Chromebook -Silver (Intel Celeron N3350/64GB eMMC/8GB RAM/ChromeOS)",3.33,(3 Reviews),$229.97,SAVE $70
"Open Box - Acer Aspire 5 15.6"" Laptop - Iron (Intel Core i5-12450H/1TB SSD/16GB RAM/Windows 11)",0,(0 Reviews),$599.99,SAVE $210
"Open Box - ASUS Vivobook S 16 OLED 16"" Laptop - Neutral Black (Intel EVO Ultra 5 - 125H/16GB RAM/512GB SSD)",0,(0 Reviews),$1079.99,SAVE $70
"Open Box - Dell XPS 13 Plus 13.4"" Touchscreen Laptop - Silver (Intel EVO Core i7-1360P/512GB SSD/16GB RAM/Win 11 Home)",0,(0 Reviews),$1299.97,SAVE $150
"Open Box - Lenovo LOQ 15IAX9I 15.6"" Gaming Laptop- Grey(Intel Core i5-12450HX/512GB SSD/16GB RAM/GeForce RTX 4050)",0,(0 Reviews),$999.99,SAVE $150
"Apple MacBook Air 13.6"" w/ Touch ID (2022) - Midnight (Apple M2 Chip / 512GB SSD / 8GB RAM) - French",0,(0 Reviews),$1149.95,SAVE $300
"Open Box - LG Gram 16"" Laptop - Obsidian Black (Intel Core Ultra7 155H/512GB SSD/16GB RAM)",0,(0 Reviews),$1249.99,SAVE $750
"Apple MacBook Pro 14.2"" (Fall 2023) - Space Black (Apple M3 Pro / 512GB SSD / 18GB RAM) - French",0,(0 Reviews),$2199.99,SAVE $400
"Open Box - ASUS VivoBook M515 15.6"" Laptop - Slate Grey (AMD Ryzen 7 5700U/512GB SSD/16GB RAM/Win 11)",0,(0 Reviews),$599.97,SAVE $300
"Open Box - HP OMEN 16.1"" Gaming Laptop (Intel Core i9 14900HX/2TB SSD/32GB RAM/RTX 4080) with Gaming Headset",0,(0 Reviews),$2799.99,SAVE $600
"Open Box - HP Envy x360 15.6"" Touchscreen 2-in-1 Laptop (Intel Core Ultra 5 125U/1TB SSD/16GB RAM)",0,(0 Reviews),$999.99,SAVE $300
"Open Box - Lenovo Yoga 7 14"" Touchscreen 2-in-1 Laptop - Storm Grey (Intel Core i7-1355U/1TB SSD/16GB RAM)",0,(0 Reviews),$999.97,SAVE $200
"Open Box - ASUS Vivobook S 14"" Laptop - Neutral Black/Aluminum (AMD Ryzen AI 9 365/24GB RAM/512GB SSD)",0,(0 Reviews),$1299.99,SAVE $150
"Apple MacBook Air 15"" w/ Touch ID (2024) - Midnight (Apple M3 Chip / 512GB SSD / 8GB RAM) - French",0,(0 Reviews),$1599.95,SAVE $300
"Open Box -Samsung Galaxy Book3 Pro 360 16"" Touchscreen Laptop-(Intel i7-1360P/512GB SSD/16GB RAM/Win11)",5,(1 Review),$1299.97,SAVE $500
"Open Box - Acer Nitro V 15 15.6"" Gaming Laptop - Black (Intel Core i7-13620H/16GB RAM/512GB SSD/RTX4050)",0,(0 Reviews),$1099.99,SAVE $250
"Apple MacBook Air 15"" w/ Touch ID (2024) - Silver (Apple M3 Chip / 512GB SSD / 8GB RAM) - French",0,(0 Reviews),$1599.95,SAVE $300
"HP OMEN 16"" Gaming Laptop (Intel Core i7 14700HX/1TB SSD/32GB RAM/RTX 4070) with Gaming Headset",3,(5 Reviews),$2699.99,SAVE $300
"Samsung Galaxy Book4 Pro 360 16"" Touchscreen 2-in-1 Laptop - Grey (Intel Core Ultra 7 EVO/512GB SSD/16GB RAM)",3.86,(7 Reviews),$1599.97,SAVE $600
"Microsoft Surface Laptop 15"" Touchscreen Copilot+ PC Laptop (Snapdragon X Elite/16GB RAM/256GB SSD) (2024) - Platinum - BIL",0,(0 Reviews),$1699.99,SAVE $150
"Samsung Galaxy Book4 360 15.6"" Touchscreen 2-in-1 Laptop - Grey (Intel Core 7-150U/512GB SSD/16GB RAM)",2.2,(5 Reviews),$1399.97,SAVE $500
"Apple MacBook Pro 14.2"" (Fall 2023) - Space Grey (Apple M3 / 1TB SDD / 8GB RAM) - French",0,(0 Reviews),$1749.95,SAVE $350
"Apple MacBook Air 15"" w/ Touch ID (2024) - Starlight (Apple M3 Chip / 512GB SSD / 8GB RAM) - French",0,(0 Reviews),$1599.95,SAVE $300
"Open Box - Samsung Galaxy Book4 Pro 360 16"" TS 2-in-1 Laptop (Intel Core Ultra 7 EVO/1TB SSD/16GB RAM)",0,(0 Reviews),$1699.97,SAVE $200
"Open Box - ASUS CX1 15.6"" Chromebook - Silver (Intel Pentium Silver N6000/128GB eMMC/8GB RAM/ChromeOS)",2,(1 Review),$299.97,SAVE $50
"Acer Swift 14 14.5"" Touchscreen Copilot+ PC Laptop - Steel Grey (Snapdragon X Elite/16GB RAM/1TB SSD) - En",4.42,(12 Reviews),$1599.99,SAVE $100
"HP OMEN 16.1"" Gaming Laptop - Meteor Silver (Intel Core i7 14650HX/512GB SSD/16GB RAM/GeForce RTX 4050)",0,(0 Reviews),$1799.99,SAVE $200
"Open Box - Microsoft Surface Laptop 13.8"" TS Copilot+ PC Laptop (Snapdragon X Plus/16GB RAM/256GB SSD)- BIL",0,(0 Reviews),$1149.99,SAVE $200
"Open Box - ASUS CX34 14"" Touchscreen Chromebook Plus - Rocky Grey (Intel Core i3-1215U/8GB RAM/128GB SSD/ChromeOS)",0,(0 Reviews),$349.99,SAVE $200
"Open Box - Samsung Galaxy Book4 Edge 16"" Touchscreen Copilot+ PC Laptop (Snapdragon X Elite/16GB RAM/1TB SSD)",0,(0 Reviews),$1799.99,SAVE $450
"Open Box - ASUS CX 1400 14"" Chromebook (Intel Celeron N4500/ 8GB RAM/ 128GB SSD/ ChromeOS)",0,(0 Reviews),$229.99,SAVE $170
"Open Box - HP Victus 16"" Gaming Laptop - Mica Silver (Intel Core i7-13700H/1TB SSD/16GB RAM/GeForce RTX 4060 /Win 11)",0,(0 Reviews),$1499.99,SAVE $300
"Open Box - Microsoft Surface Laptop 15"" TS Copilot+ PC Laptop (Snapdragon X Elite/16GB RAM/256GB SSD) - EN",0,(0 Reviews),$1549.99,SAVE $150
"Open Box - Dell Inspiron 15 7000 15.6"" Touchscreen 2-in-1 Laptop (Intel i7/1TB SSD/16GB RAM/Win11)",1,(1 Review),$1299.97,SAVE $300
"Open Box - HP OMEN 16.1"" Gaming Laptop (Intel Core i7 14650HX/512GB SSD/16GB RAM/GeForce RTX 4050)",0,(0 Reviews),$1649.99,SAVE $250
"Open Box - HP OMEN 16"" Gaming Laptop(Intel Core i7 14700HX/1TB SSD/32GB RAM/RTX 4070) with Gaming Headset",0,(0 Reviews),$2449.99,SAVE $250
"Open Box - Acer Predator Neo 16"" Gaming Laptop - Black (Intel Core i7-14650HX/1TB SSD/16GB RAM/GeForce RTX 4060)",0,(0 Reviews),$1699.99,SAVE $200
"Open Box - Acer Swift 14 AI 14.5"" Copilot+ PC Laptop - Steel Grey (Snapdragon X Plus/16GB RAM/1TB SSD)",0,(0 Reviews),$1099.99,SAVE $250
"Acer Swift 14 14.5"" Touchscreen Copilot+ PC Laptop - Steel Grey (Snapdragon X Plus/16GB RAM/1TB SSD) - En",0,(0 Reviews),$1499.99,SAVE $150
